Ссылка,Цена,Описание
https://www.kufar.by/item/176551655?searchId=035cbdcd20ba42da91b901417e36b6de2834,690,"Угловые кухни из модулей. Размеры. Цвета.Минск, ОктябрьскийДоставка по Беларуси"
https://www.kufar.by/item/199338529?searchId=035cbdcd20ba42da91b901417e36b6de2834,1020,Стеллаж для хранения шинБрест
https://www.kufar.by/item/202206025?searchId=035cbdcd20ba42da91b901417e36b6de2834,220,"Люлька для младенцевМинск, Центральный"
https://www.kufar.by/item/198619985?rank=43&searchId=035cbdcd20ba42da91b901417e36b6de2834,1800,КухняВитебск
https://www.kufar.by/item/203566217?rank=44&searchId=035cbdcd20ba42da91b901417e36b6de2834,90,"Продам комодГродненская, Новогрудок"
https://www.kufar.by/item/203566171?rank=45&searchId=035cbdcd20ba42da91b901417e36b6de2834,35,"Продам стол б/у Гомельская, Светлогорск"
https://www.kufar.by/item/201479821?rank=46&searchId=035cbdcd20ba42da91b901417e36b6de2834,300,"Стол двойной с тумбой, 2048ммГродно"
https://www.kufar.by/item/201201285?rank=47&searchId=035cbdcd20ba42da91b901417e36b6de2834,600,"ДиванМинск, Первомайский"
https://www.kufar.by/item/203566120?rank=48&searchId=035cbdcd20ba42da91b901417e36b6de2834,900,"Набор детской мебели Гродно Неман Минская, Молодечно"
https://www.kufar.by/item/203566104?rank=49&searchId=035cbdcd20ba42da91b901417e36b6de2834,110,"Стол компьютерныйГомельская, Речица"
https://www.kufar.by/item/201245799?rank=50&searchId=035cbdcd20ba42da91b901417e36b6de2834,350,"Двухъярусная кровать Гомельская, Речица"
https://www.kufar.by/item/203566028?rank=51&searchId=035cbdcd20ba42da91b901417e36b6de2834,140,Письменный столВитебск
https://www.kufar.by/item/201822443?rank=52&searchId=035cbdcd20ba42da91b901417e36b6de2834,1200,Кровать парящаяМогилев
https://www.kufar.by/item/200198881?rank=53&searchId=035cbdcd20ba42da91b901417e36b6de2834,75,"Кресло кровать Минск, Фрунзенский"
https://www.kufar.by/item/202807055?rank=54&searchId=035cbdcd20ba42da91b901417e36b6de2834,140,ДиванГродно
https://www.kufar.by/item/203565907?rank=55&searchId=035cbdcd20ba42da91b901417e36b6de2834,250,Детская кровать ''горка''Витебск
https://www.kufar.by/item/203565807?rank=57&searchId=035cbdcd20ba42da91b901417e36b6de2834,400,Шкафы-витриныГомель
https://www.kufar.by/item/193597673?rank=58&searchId=035cbdcd20ba42da91b901417e36b6de2834,400,"Двухъярусная кроватьМинск, Центральный"
https://www.kufar.by/item/203152310?rank=59&searchId=035cbdcd20ba42da91b901417e36b6de2834,150,"Компьютерный столГродненская, Ошмяны"
https://www.kufar.by/item/184886577?rank=60&searchId=035cbdcd20ba42da91b901417e36b6de2834,800,"Набор детской мебелиМинск, Центральный"
https://www.kufar.by/item/174420071?rank=63&searchId=035cbdcd20ba42da91b901417e36b6de2834,230,"Набор для детской комнаты Минск, Первомайский"
https://www.kufar.by/item/203565646?rank=64&searchId=035cbdcd20ba42da91b901417e36b6de2834,130,Комод б/уВитебск
https://www.kufar.by/item/203504993?rank=65&searchId=035cbdcd20ba42da91b901417e36b6de2834,250,"СтолешницаМинск, Московский"
https://www.kufar.by/item/202434134?rank=66&searchId=035cbdcd20ba42da91b901417e36b6de2834,17,Матрас для пеленального столаМогилев
https://www.kufar.by/item/196434916?rank=67&searchId=035cbdcd20ba42da91b901417e36b6de2834,50,ТрюмоГомель
https://www.kufar.by/item/157459249?rank=68&searchId=035cbdcd20ba42da91b901417e36b6de2834,1134,Диван-кровать ''Фантом''Витебск
https://www.kufar.by/item/112165648?rank=69&searchId=035cbdcd20ba42da91b901417e36b6de2834,1538,Диван-кровать угловой ''Бакара''Витебск
https://www.kufar.by/item/195046813?rank=70&searchId=035cbdcd20ba42da91b901417e36b6de2834,265,"Комплект: стол, 2 табурета, 2 стула. ДоставкаРББрестДоставка по Беларуси"
https://www.kufar.by/item/158225553?rank=72&searchId=035cbdcd20ba42da91b901417e36b6de2834,1619,Диван-кровать угловой ''Бакара'' 3000х1650Витебск
https://www.kufar.by/item/199064509?rank=73&searchId=035cbdcd20ba42da91b901417e36b6de2834,780,Кухонный гарнитур Гомель
https://www.kufar.by/item/203565386?rank=75&searchId=035cbdcd20ba42da91b901417e36b6de2834,280,"Угловой диван с подушками Брестская, Кобрин"
https://www.kufar.by/item/203565361?rank=76&searchId=035cbdcd20ba42da91b901417e36b6de2834,150,Стол и 2 стульчика Икея маммутМогилев
https://www.kufar.by/item/201319967?rank=77&searchId=035cbdcd20ba42da91b901417e36b6de2834,350,"Диван Могилевская, Бобруйск"
https://www.kufar.by/item/202836566?rank=78&searchId=035cbdcd20ba42da91b901417e36b6de2834,600,"Угловой диван + кресло (подушки) ТоргМинск, Московский"
https://www.kufar.by/item/203565308?rank=79&searchId=035cbdcd20ba42da91b901417e36b6de2834,500,"стол письменный из массива с надстройкойМинск, Московский"
https://www.kufar.by/item/203565283?rank=80&searchId=035cbdcd20ba42da91b901417e36b6de2834,45,"Кухонный нависной угловой шкафчикМинск, Московский"
https://www.kufar.by/item/196435224?rank=81&searchId=035cbdcd20ba42da91b901417e36b6de2834,20,ТумбочкаГомель
https://www.kufar.by/item/202946939?rank=82&searchId=035cbdcd20ba42da91b901417e36b6de2834,1250,"УГЛОВОЙ ДИВАН ИЗ МАССИВА NEW ПРОДАЖА ОБРАЗЦА (Доставка, Рассрочка, Гарантия)Минск, ПервомайскийДоставкаРассрочка"
https://www.kufar.by/item/203565249?rank=83&searchId=035cbdcd20ba42da91b901417e36b6de2834,300,"Угловой диванВитебская, Орша"
https://www.kufar.by/item/203565209?rank=85&searchId=035cbdcd20ba42da91b901417e36b6de2834,60,"Мебельные направляющие TANDEMBOX 650 ммМинск, Центральный"
https://www.kufar.by/item/195046813,265,"Комплект: стол, 2 табурета, 2 стула. ДоставкаРББрестДоставка по Беларуси"
https://www.kufar.by/item/44072623,579,Спальный гарнитур Грация 3.2 Бесплатная Доставка по ВитебскДоставка по Беларуси
https://www.kufar.by/item/181936209,750,"МОДУЛЬНЫЕ КУХНИ. ЛЮБОЙ РАЗМЕР. 3Д ПРОЕКТ. ЗАМЕР.Минск, ЦентральныйДоставка по Беларуси"
https://www.kufar.by/item/189031010,179,"Стильный стул Регги. Разные цвета. ДоставкаМинск, ФрунзенскийДоставка по БеларусиРассрочка"
https://www.kufar.by/item/122493974,350,"Бюджетные кухни для дачи и съемного жилья.Минск, ПервомайскийДоставка по Беларуси"
https://www.kufar.by/item/173240485,719,Стол ИКЕА Бьюрста IKEA BJURSTA- круглый раздвижной. Новый в упаковке.ВитебскДоставка по Беларуси
https://www.kufar.by/item/173242530,397,Письменный стол ИКЕА Алекс. Новый в упаковке.ВитебскДоставка по Беларуси
https://www.kufar.by/item/176551655?searchId=8f7efd865f595dc32adcdf39ab525cb7c5cd,690,"Угловые кухни из модулей. Размеры. Цвета.Минск, ОктябрьскийДоставка по Беларуси"
https://www.kufar.by/item/199338529?searchId=8f7efd865f595dc32adcdf39ab525cb7c5cd,1020,Стеллаж для хранения шинБрест
https://www.kufar.by/item/202206025?searchId=8f7efd865f595dc32adcdf39ab525cb7c5cd,220,"Люлька для младенцевМинск, Центральный"
https://www.kufar.by/item/203565209?rank=43&searchId=8f7efd865f595dc32adcdf39ab525cb7c5cd,60,"Мебельные направляющие TANDEMBOX 650 ммМинск, Центральный"
https://www.kufar.by/item/203319642?rank=44&searchId=8f7efd865f595dc32adcdf39ab525cb7c5cd,130,"Стол кухонный новый (торг уместен)Минск, Центральный"
https://www.kufar.by/item/203565130?rank=45&searchId=8f7efd865f595dc32adcdf39ab525cb7c5cd,60,"КроватьБрестская, Барановичи"
https://www.kufar.by/item/203565125?rank=46&searchId=8f7efd865f595dc32adcdf39ab525cb7c5cd,2800,"Кожаный угловой диван (оливковый)Минск, Первомайский"
https://www.kufar.by/item/203565123?rank=47&searchId=8f7efd865f595dc32adcdf39ab525cb7c5cd,50,"СтолГродненская, Лида"
https://www.kufar.by/item/203342297?rank=48&searchId=8f7efd865f595dc32adcdf39ab525cb7c5cd,100,"Шкаф с выдвижной кроватью Срочно. Минская, Слуцк"
https://www.kufar.by/item/195317323?rank=49&searchId=8f7efd865f595dc32adcdf39ab525cb7c5cd,540,Мягкий уголок Брест
https://www.kufar.by/item/203564987?rank=50&searchId=8f7efd865f595dc32adcdf39ab525cb7c5cd,200,"Детская кроватьМинск, Центральный"
https://www.kufar.by/item/203564919?rank=51&searchId=8f7efd865f595dc32adcdf39ab525cb7c5cd,150,"Тумба под телевизор IKEA BRIMNESМинск, Ленинский"
https://www.kufar.by/item/203564016?rank=52&searchId=8f7efd865f595dc32adcdf39ab525cb7c5cd,130,"ТахтаМинская, Дзержинск"
https://www.kufar.by/item/203564869?rank=53&searchId=8f7efd865f595dc32adcdf39ab525cb7c5cd,70,"КреслоМинск, Фрунзенский"
https://www.kufar.by/item/203564819?rank=54&searchId=8f7efd865f595dc32adcdf39ab525cb7c5cd,40,Стол компьютерный Гродно
https://www.kufar.by/item/203564776?rank=55&searchId=8f7efd865f595dc32adcdf39ab525cb7c5cd,200,Шкаф Витебск
https://www.kufar.by/item/201590939?rank=56&searchId=8f7efd865f595dc32adcdf39ab525cb7c5cd,280,"Диван-кроватьМинск, Заводской"
https://www.kufar.by/item/203564645?rank=58&searchId=8f7efd865f595dc32adcdf39ab525cb7c5cd,650,"Двуспальная кровать с матрасом и тумбочка 160*200Гомельская, Рогачев"
https://www.kufar.by/item/203564590?rank=59&searchId=8f7efd865f595dc32adcdf39ab525cb7c5cd,50,Матрас в круглую кроваткуГомель
https://www.kufar.by/item/203564572?rank=60&searchId=8f7efd865f595dc32adcdf39ab525cb7c5cd,40,"Основание/стойка регулируемаяМинск, Советский"
https://www.kufar.by/item/186081315?rank=61&searchId=8f7efd865f595dc32adcdf39ab525cb7c5cd,200,"Стол из массива лофт LOFTМинск, Московский"
https://www.kufar.by/item/198541311?rank=62&searchId=8f7efd865f595dc32adcdf39ab525cb7c5cd,100,СтенкаВитебск
https://www.kufar.by/item/186078755?rank=63&searchId=8f7efd865f595dc32adcdf39ab525cb7c5cd,250,"Стол из массива лофт LOFTМинск, Московский"
https://www.kufar.by/item/203564490?rank=64&searchId=8f7efd865f595dc32adcdf39ab525cb7c5cd,70,"Диван Минск, Московский"
https://www.kufar.by/item/203564454?rank=65&searchId=8f7efd865f595dc32adcdf39ab525cb7c5cd,130,"Стеллаж IkeaМинск, Фрунзенский"
https://www.kufar.by/item/203564398?rank=66&searchId=8f7efd865f595dc32adcdf39ab525cb7c5cd,350,"Кроватка детская Гродненская, Лида"
https://www.kufar.by/item/203556768?rank=67&searchId=8f7efd865f595dc32adcdf39ab525cb7c5cd,420,Обеденный столГомель
https://www.kufar.by/item/196071502?rank=68&searchId=8f7efd865f595dc32adcdf39ab525cb7c5cd,70,"Детская кроватка + матрасМинск, Фрунзенский"
https://www.kufar.by/item/201846243?rank=69&searchId=8f7efd865f595dc32adcdf39ab525cb7c5cd,200,"Стенка в детскую комнатуВитебская, Орша"
https://www.kufar.by/item/203564257?rank=71&searchId=8f7efd865f595dc32adcdf39ab525cb7c5cd,30,"Сервант (самовывоз)Минская, Борисов"
https://www.kufar.by/item/203564205?rank=72&searchId=8f7efd865f595dc32adcdf39ab525cb7c5cd,270,"Овальная / круглая кроватка / 3 матраса / бортики Витебская, Орша"
https://www.kufar.by/item/203564207?rank=73&searchId=8f7efd865f595dc32adcdf39ab525cb7c5cd,250,КомодБрест
https://www.kufar.by/item/203564118?rank=74&searchId=8f7efd865f595dc32adcdf39ab525cb7c5cd,300,"СтолМогилевская, Горки"
https://www.kufar.by/item/201871759?rank=75&searchId=8f7efd865f595dc32adcdf39ab525cb7c5cd,350,"МебельМинск, Московский"
https://www.kufar.by/item/203561366?rank=76&searchId=8f7efd865f595dc32adcdf39ab525cb7c5cd,100,"Стол, много вещей дёшево Минск, Ленинский"
https://www.kufar.by/item/203564037?rank=78&searchId=8f7efd865f595dc32adcdf39ab525cb7c5cd,250,МебельБрест
https://www.kufar.by/item/201758880?rank=79&searchId=8f7efd865f595dc32adcdf39ab525cb7c5cd,130,"Шкафчик с мойкой и смесителем Минск, Первомайский"
https://www.kufar.by/item/203563869?rank=80&searchId=8f7efd865f595dc32adcdf39ab525cb7c5cd,10,"Набор для ванной.Все что осталось Минская, Молодечно"
https://www.kufar.by/item/203563841?rank=81&searchId=8f7efd865f595dc32adcdf39ab525cb7c5cd,170,"Стол лофт дубМинск, Советский"
https://www.kufar.by/item/44072623?rank=82&searchId=8f7efd865f595dc32adcdf39ab525cb7c5cd,579,Спальный гарнитур Грация 3.2 Бесплатная Доставка по ВитебскДоставка по Беларуси
https://www.kufar.by/item/203563790?rank=83&searchId=8f7efd865f595dc32adcdf39ab525cb7c5cd,500,"Кровать детскаяВитебская, Полоцк"
https://www.kufar.by/item/203563742?rank=85&searchId=8f7efd865f595dc32adcdf39ab525cb7c5cd,50,"Стул компьютерный Витебская, Новополоцк"
https://www.kufar.by/item/195046813,265,"Комплект: стол, 2 табурета, 2 стула. ДоставкаРББрестДоставка по Беларуси"
https://www.kufar.by/item/44072623,579,Спальный гарнитур Грация 3.2 Бесплатная Доставка по ВитебскДоставка по Беларуси
https://www.kufar.by/item/181936209,750,"МОДУЛЬНЫЕ КУХНИ. ЛЮБОЙ РАЗМЕР. 3Д ПРОЕКТ. ЗАМЕР.Минск, ЦентральныйДоставка по Беларуси"
https://www.kufar.by/item/189031010,179,"Стильный стул Регги. Разные цвета. ДоставкаМинск, ФрунзенскийДоставка по БеларусиРассрочка"
https://www.kufar.by/item/122493974,350,"Бюджетные кухни для дачи и съемного жилья.Минск, ПервомайскийДоставка по Беларуси"
https://www.kufar.by/item/173240485,719,Стол ИКЕА Бьюрста IKEA BJURSTA- круглый раздвижной. Новый в упаковке.ВитебскДоставка по Беларуси
https://www.kufar.by/item/173242530,397,Письменный стол ИКЕА Алекс. Новый в упаковке.ВитебскДоставка по Беларуси
https://www.kufar.by/item/176551655?searchId=905d0a703bb8d1f37d6d09cc16145c262ef9,690,"Угловые кухни из модулей. Размеры. Цвета.Минск, ОктябрьскийДоставка по Беларуси"
https://www.kufar.by/item/199338529?searchId=905d0a703bb8d1f37d6d09cc16145c262ef9,1020,Стеллаж для хранения шинБрест
https://www.kufar.by/item/202206025?searchId=905d0a703bb8d1f37d6d09cc16145c262ef9,220,"Люлька для младенцевМинск, Центральный"
https://www.kufar.by/item/202826305?rank=86&searchId=905d0a703bb8d1f37d6d09cc16145c262ef9,1900,Модульный диванБрест
https://www.kufar.by/item/203563619?rank=87&searchId=905d0a703bb8d1f37d6d09cc16145c262ef9,65,"Комод/обувница/прихожаяМинск, Первомайский"
https://www.kufar.by/item/203560337?rank=88&searchId=905d0a703bb8d1f37d6d09cc16145c262ef9,1000,Комплект мебели в детскуюГомель
https://www.kufar.by/item/189031010?rank=89&searchId=905d0a703bb8d1f37d6d09cc16145c262ef9,179,"Стильный стул Регги. Разные цвета. ДоставкаМинск, ФрунзенскийДоставка по БеларусиРассрочка"
https://www.kufar.by/item/122493974?rank=90&searchId=905d0a703bb8d1f37d6d09cc16145c262ef9,350,"Бюджетные кухни для дачи и съемного жилья.Минск, ПервомайскийДоставка по Беларуси"
https://www.kufar.by/item/201817809?rank=91&searchId=905d0a703bb8d1f37d6d09cc16145c262ef9,300,Кровать матрасВитебск
https://www.kufar.by/item/203563404?rank=93&searchId=905d0a703bb8d1f37d6d09cc16145c262ef9,100,Вешалка и зеркало Гомель
https://www.kufar.by/item/203563384?rank=94&searchId=905d0a703bb8d1f37d6d09cc16145c262ef9,50,"Кровать Гомельская, Речица"
https://www.kufar.by/item/203563375?rank=95&searchId=905d0a703bb8d1f37d6d09cc16145c262ef9,40,"стулья 4 штМинская, Молодечно"
https://www.kufar.by/item/202116955?rank=96&searchId=905d0a703bb8d1f37d6d09cc16145c262ef9,980,Диван Гомель
https://www.kufar.by/item/203563326?rank=97&searchId=905d0a703bb8d1f37d6d09cc16145c262ef9,30,Кровать Гродно
https://www.kufar.by/item/190862081?rank=98&searchId=905d0a703bb8d1f37d6d09cc16145c262ef9,60,"Матрас-тюфякГомельская, Речица"
https://www.kufar.by/item/203051323?rank=99&searchId=905d0a703bb8d1f37d6d09cc16145c262ef9,3200,Диван Гомель
https://www.kufar.by/item/203563258?rank=100&searchId=905d0a703bb8d1f37d6d09cc16145c262ef9,250,"Кровать чердак Витебская, Полоцк"
https://www.kufar.by/item/199746434?rank=101&searchId=905d0a703bb8d1f37d6d09cc16145c262ef9,30,"Полка книжная Гродненская, Волковыск"
https://www.kufar.by/item/203563189?rank=102&searchId=905d0a703bb8d1f37d6d09cc16145c262ef9,2500,"Диван из натуральной кожиМинск, Московский"
https://www.kufar.by/item/200303227?rank=103&searchId=905d0a703bb8d1f37d6d09cc16145c262ef9,30,"ПолкаМинская, Солигорск"
https://www.kufar.by/item/202951022?rank=104&searchId=905d0a703bb8d1f37d6d09cc16145c262ef9,150,"Кроватка детскаяМинская, Старые Дороги"
https://www.kufar.by/item/199745811?rank=105&searchId=905d0a703bb8d1f37d6d09cc16145c262ef9,30,Полка книжная Гродно
https://www.kufar.by/item/202304202?rank=106&searchId=905d0a703bb8d1f37d6d09cc16145c262ef9,30,"Полка книжная Гродненская, Лида"
https://www.kufar.by/item/203563138?rank=107&searchId=905d0a703bb8d1f37d6d09cc16145c262ef9,70,"Столик Минск, Октябрьский"
https://www.kufar.by/item/203563135?rank=108&searchId=905d0a703bb8d1f37d6d09cc16145c262ef9,250,"Детское кресло-качелиМинская, Воложин"
https://www.kufar.by/item/203563130?rank=109&searchId=905d0a703bb8d1f37d6d09cc16145c262ef9,250,ДиванГомель
https://www.kufar.by/item/203563106?rank=110&searchId=905d0a703bb8d1f37d6d09cc16145c262ef9,100,Тахта Гродно
https://www.kufar.by/item/201047191?rank=111&searchId=905d0a703bb8d1f37d6d09cc16145c262ef9,140,Диван + 2 кресла Гродно
https://www.kufar.by/item/203563096?rank=112&searchId=905d0a703bb8d1f37d6d09cc16145c262ef9,120,"Секция Витебская, Новополоцк"
https://www.kufar.by/item/173240485?rank=113&searchId=905d0a703bb8d1f37d6d09cc16145c262ef9,719,Стол ИКЕА Бьюрста IKEA BJURSTA- круглый раздвижной. Новый в упаковке.ВитебскДоставка по Беларуси
https://www.kufar.by/item/173242530?rank=114&searchId=905d0a703bb8d1f37d6d09cc16145c262ef9,397,Письменный стол ИКЕА Алекс. Новый в упаковке.ВитебскДоставка по Беларуси
https://www.kufar.by/item/173706833?rank=117&searchId=905d0a703bb8d1f37d6d09cc16145c262ef9,134,"Икеа MALM МАЛЬМ Комод с 2 ящиками, белый/чёрно-коричневый/белёный дуб 40x55 см.ВитебскДоставка по Беларуси"
https://www.kufar.by/item/173707301?rank=118&searchId=905d0a703bb8d1f37d6d09cc16145c262ef9,264,"Икеа МАЛЬМ Комод с 3 ящиками, ч/корич./белёный дуб, 80x78 см. Новый в упаковкеВитебскДоставка по Беларуси"
https://www.kufar.by/item/177347549?rank=120&searchId=905d0a703bb8d1f37d6d09cc16145c262ef9,149,"Икеа Ikea RAST РАСТ Комод с 3 ящиками, 62х70 см, соснаВитебскДоставка по Беларуси"
https://www.kufar.by/item/178061145?rank=121&searchId=905d0a703bb8d1f37d6d09cc16145c262ef9,689,"Раздвижной стол, белый, прямоугольный ИКЕА БЬЮРСТА. Новый в упаковкеВитебскДоставка по Беларуси"
https://www.kufar.by/item/178416664?rank=122&searchId=905d0a703bb8d1f37d6d09cc16145c262ef9,138,"ИНГОЛЬТ Стул дерево, Тёмно-коричневый/белый/коричневый/без отделкиВитебскДоставка по Беларуси"
https://www.kufar.by/item/178436051?rank=123&searchId=905d0a703bb8d1f37d6d09cc16145c262ef9,180,"ИНГОЛЬТ Стул детский, коричневыйВитебскДоставка по Беларуси"
https://www.kufar.by/item/192737180?rank=124&searchId=905d0a703bb8d1f37d6d09cc16145c262ef9,469,"ТОЙВО Кресло с подголовником, бежевый/синий, рогожкаВитебскДоставка по Беларуси"
https://www.kufar.by/item/192738384?rank=125&searchId=905d0a703bb8d1f37d6d09cc16145c262ef9,115,"ТАЙВАС Табурет для ног, бежевый/темно-синий, рогожкаВитебскДоставка по Беларуси"
https://www.kufar.by/item/200945885?rank=126&searchId=905d0a703bb8d1f37d6d09cc16145c262ef9,184,"VÅRMA ВАРМА 3, Комод с 3 ящиками, белый, 78х80х40ВитебскДоставка по Беларуси"
https://www.kufar.by/item/195328165?rank=127&searchId=905d0a703bb8d1f37d6d09cc16145c262ef9,1000,"Двухъярусная детская кроватьГомельская, Речица"
https://www.kufar.by/item/203562990?rank=128&searchId=905d0a703bb8d1f37d6d09cc16145c262ef9,50,Шкаф навесной кухонныйГродно
https://www.kufar.by/item/195046813,265,"Комплект: стол, 2 табурета, 2 стула. ДоставкаРББрестДоставка по Беларуси"
https://www.kufar.by/item/44072623,579,Спальный гарнитур Грация 3.2 Бесплатная Доставка по ВитебскДоставка по Беларуси
https://www.kufar.by/item/181936209,750,"МОДУЛЬНЫЕ КУХНИ. ЛЮБОЙ РАЗМЕР. 3Д ПРОЕКТ. ЗАМЕР.Минск, ЦентральныйДоставка по Беларуси"
https://www.kufar.by/item/189031010,179,"Стильный стул Регги. Разные цвета. ДоставкаМинск, ФрунзенскийДоставка по БеларусиРассрочка"
https://www.kufar.by/item/122493974,350,"Бюджетные кухни для дачи и съемного жилья.Минск, ПервомайскийДоставка по Беларуси"
https://www.kufar.by/item/173240485,719,Стол ИКЕА Бьюрста IKEA BJURSTA- круглый раздвижной. Новый в упаковке.ВитебскДоставка по Беларуси
https://www.kufar.by/item/173242530,397,Письменный стол ИКЕА Алекс. Новый в упаковке.ВитебскДоставка по Беларуси
https://www.kufar.by/item/176551655?searchId=28c7d49a349960a63e3a4c2382375696b804,690,"Угловые кухни из модулей. Размеры. Цвета.Минск, ОктябрьскийДоставка по Беларуси"
https://www.kufar.by/item/199338529?searchId=28c7d49a349960a63e3a4c2382375696b804,1020,Стеллаж для хранения шинБрест
https://www.kufar.by/item/202206025?searchId=28c7d49a349960a63e3a4c2382375696b804,220,"Люлька для младенцевМинск, Центральный"
https://www.kufar.by/item/202846619?rank=172&searchId=28c7d49a349960a63e3a4c2382375696b804,470,"Кровать детскаяМинск, Октябрьский"
https://www.kufar.by/item/203562920?rank=173&searchId=28c7d49a349960a63e3a4c2382375696b804,900,ТахтыГродно
https://www.kufar.by/item/203562867?rank=174&searchId=28c7d49a349960a63e3a4c2382375696b804,170,"2-х ярусная кровать Гродненская, Лида"
https://www.kufar.by/item/178874892?rank=175&searchId=28c7d49a349960a63e3a4c2382375696b804,642,"Тахта Анна. ДОСТАВКА по БеларусиМинск, МосковскийДоставка"
https://www.kufar.by/item/147996178?rank=176&searchId=28c7d49a349960a63e3a4c2382375696b804,410,Прихожая Финал 1.6 метра. ДОСТАВКА по Беларуси.МогилевДоставка
https://www.kufar.by/item/203562812?rank=177&searchId=28c7d49a349960a63e3a4c2382375696b804,250,"Детская кроватка 5 в 1 с маятникомМинская, Воложин"
https://www.kufar.by/item/195258905?rank=178&searchId=28c7d49a349960a63e3a4c2382375696b804,678,"Диван в стиле лофтМинск, ЗаводскойДоставка по Беларуси"
https://www.kufar.by/item/199833720?rank=180&searchId=28c7d49a349960a63e3a4c2382375696b804,130,"Стол интерьерные, для спиртных напитковМинская, Минский район"
https://www.kufar.by/item/203562678?rank=181&searchId=28c7d49a349960a63e3a4c2382375696b804,300,Кровать двуспальная Брест
https://www.kufar.by/item/201818178?rank=182&searchId=28c7d49a349960a63e3a4c2382375696b804,993,"диван-кровать (блок независимых пружин) АКЦИЯМинск, ПервомайскийДоставка"
https://www.kufar.by/item/203562610?rank=183&searchId=28c7d49a349960a63e3a4c2382375696b804,170,"Деревянная книжная полкаМинск, Фрунзенский"
https://www.kufar.by/item/190831486?rank=184&searchId=28c7d49a349960a63e3a4c2382375696b804,139,"Стеллаж в гаражМинск, Центральный"
https://www.kufar.by/item/172822850?rank=185&searchId=28c7d49a349960a63e3a4c2382375696b804,290,"Комод  КМ 612Минск, ЦентральныйДоставка по Беларуси"
https://www.kufar.by/item/203562494?rank=186&searchId=28c7d49a349960a63e3a4c2382375696b804,540,Диван Гомель
https://www.kufar.by/item/195211496?rank=187&searchId=28c7d49a349960a63e3a4c2382375696b804,265,"Комплект: стол, 2 табурета, 2 стула. Доставка поРБМогилевДоставка по Беларуси"
https://www.kufar.by/item/203562469?rank=188&searchId=28c7d49a349960a63e3a4c2382375696b804,300, СтенкаМогилев
https://www.kufar.by/item/203562466?rank=189&searchId=28c7d49a349960a63e3a4c2382375696b804,650,Набор мебелиГродно
https://www.kufar.by/item/203562378?rank=191&searchId=28c7d49a349960a63e3a4c2382375696b804,300,Стенка для прихожейМогилев
https://www.kufar.by/item/172784398?rank=192&searchId=28c7d49a349960a63e3a4c2382375696b804,560,"Кухонный набор А17 доставка по РБ РАССРОЧКА без%Могилевская, КлимовичиДоставка по Беларуси"
https://www.kufar.by/item/203562310?rank=193&searchId=28c7d49a349960a63e3a4c2382375696b804,300,"Кресло офисноеМинск, Фрунзенский"
https://www.kufar.by/item/167722254?rank=194&searchId=28c7d49a349960a63e3a4c2382375696b804,560,Кухонны набор 17 аленка выбор расрочка доставка РБМогилевДоставка по Беларуси
https://www.kufar.by/item/171775526?rank=195&searchId=28c7d49a349960a63e3a4c2382375696b804,460,"Кухонный набор А17 РАССРОЧКА без% доставка РБГродненская, СморгоньДоставка по Беларуси"
https://www.kufar.by/item/171776218?rank=196&searchId=28c7d49a349960a63e3a4c2382375696b804,460,"Кухонный набор ''А17'' РАССРОЧКА без% доставка поМинская, МядельДоставка по Беларуси"
https://www.kufar.by/item/172783592?rank=197&searchId=28c7d49a349960a63e3a4c2382375696b804,560,"Кухонный набор а17 РАССРОЧКА без% доставка по РБМинская, СлуцкДоставка по Беларуси"
https://www.kufar.by/item/172788173?rank=198&searchId=28c7d49a349960a63e3a4c2382375696b804,560,"Кухонный набор А17 выбор цвета РАССРОЧКА без%Могилевская, ГлускДоставка по Беларуси"
https://www.kufar.by/item/173202775?rank=199&searchId=28c7d49a349960a63e3a4c2382375696b804,460,"Кухонный набор А17 диван угловой РАССРОЧКА доставкГомельская, ЕльскДоставка по Беларуси"
https://www.kufar.by/item/173305856?rank=200&searchId=28c7d49a349960a63e3a4c2382375696b804,460,"Кухонный уголок А17 РАССРОЧКА доставкаБрестская, ПинскДоставка по Беларуси"
https://www.kufar.by/item/173309840?rank=201&searchId=28c7d49a349960a63e3a4c2382375696b804,560,"Кухонный набор А26 РАССРОЧКА доставка РБМинск, ЦентральныйДоставка по Беларуси"
https://www.kufar.by/item/195453524?rank=202&searchId=28c7d49a349960a63e3a4c2382375696b804,407,"Кровать Грация Кованная БЕСПЛАТНАЯ доставка по РБМинск, ЦентральныйДоставка по Беларуси"
https://www.kufar.by/item/203562309?rank=203&searchId=28c7d49a349960a63e3a4c2382375696b804,40,"СекцияМинск, Первомайский"
https://www.kufar.by/item/203562291?rank=204&searchId=28c7d49a349960a63e3a4c2382375696b804,150,"диван бежевый ,кожаный, трёхместный Минск, Фрунзенский"
https://www.kufar.by/item/203562267?rank=205&searchId=28c7d49a349960a63e3a4c2382375696b804,125,"Марас ортопедическийБрестская, Барановичи"
https://www.kufar.by/item/195289826?rank=207&searchId=28c7d49a349960a63e3a4c2382375696b804,60,"Продам манежМинская, Солигорск"
https://www.kufar.by/item/203562188?rank=208&searchId=28c7d49a349960a63e3a4c2382375696b804,350,"Диван-тахта Лама-мебельМинск, Центральный"
https://www.kufar.by/item/203562153?rank=209&searchId=28c7d49a349960a63e3a4c2382375696b804,500,Диван Гродно
https://www.kufar.by/item/203562139?rank=210&searchId=28c7d49a349960a63e3a4c2382375696b804,200,"СтолешницаМинская, Слуцк"
https://www.kufar.by/item/203562097?rank=211&searchId=28c7d49a349960a63e3a4c2382375696b804,10,"ТабуретМогилевская, Горки"
https://www.kufar.by/item/203237688?rank=212&searchId=28c7d49a349960a63e3a4c2382375696b804,120,"Детская кроватка с ортопедическим матрасом Минск, Московский"
https://www.kufar.by/item/203562052?rank=213&searchId=28c7d49a349960a63e3a4c2382375696b804,400,"Детская кроватка Гандылян Моника+ матрас PlitexГродненская, Слоним"
https://www.kufar.by/item/203559064?rank=214&searchId=28c7d49a349960a63e3a4c2382375696b804,300,Кроватка-люлькаБрест
https://www.kufar.by/item/195046813,265,"Комплект: стол, 2 табурета, 2 стула. ДоставкаРББрестДоставка по Беларуси"
https://www.kufar.by/item/44072623,579,Спальный гарнитур Грация 3.2 Бесплатная Доставка по ВитебскДоставка по Беларуси
https://www.kufar.by/item/181936209,750,"МОДУЛЬНЫЕ КУХНИ. ЛЮБОЙ РАЗМЕР. 3Д ПРОЕКТ. ЗАМЕР.Минск, ЦентральныйДоставка по Беларуси"
https://www.kufar.by/item/189031010,179,"Стильный стул Регги. Разные цвета. ДоставкаМинск, ФрунзенскийДоставка по БеларусиРассрочка"
https://www.kufar.by/item/122493974,350,"Бюджетные кухни для дачи и съемного жилья.Минск, ПервомайскийДоставка по Беларуси"
https://www.kufar.by/item/173240485,719,Стол ИКЕА Бьюрста IKEA BJURSTA- круглый раздвижной. Новый в упаковке.ВитебскДоставка по Беларуси
https://www.kufar.by/item/173242530,397,Письменный стол ИКЕА Алекс. Новый в упаковке.ВитебскДоставка по Беларуси
