0,1
https://www.kufar.by/item/199035045?searchId=f4b5c17983cb928e62f36bc22a3b9a548f17,"792 р.Тахта, Рассрочка 6 месяцев без %, ДоставкаБрестДоставка по Беларуси"
https://www.kufar.by/item/200285341?searchId=f4b5c17983cb928e62f36bc22a3b9a548f17,"3 880 р.Диван угловой НОВЫЙ КАРЛИОНЕ(ПИНСКДРЕВ)Минск, ЦентральныйДоставка по Беларуси"
https://www.kufar.by/item/198387923?searchId=f4b5c17983cb928e62f36bc22a3b9a548f17,"1 050 р.Набор мебелиМинск, Фрунзенский"
https://www.kufar.by/item/202665643?rank=0&searchId=f4b5c17983cb928e62f36bc22a3b9a548f17,"1 790 р.УГЛОВОЙ ДИВАН КАТРИН ИЗ НАТУРАЛЬНОГО ДЕРЕВАМинск, ЗаводскойДоставкаРассрочка"
https://www.kufar.by/item/202665622?rank=1&searchId=f4b5c17983cb928e62f36bc22a3b9a548f17,"250 р.Школьная партаМинск, Ленинский"
https://www.kufar.by/item/202665609?rank=2&searchId=f4b5c17983cb928e62f36bc22a3b9a548f17,150 р.ДиванГомель
https://www.kufar.by/item/202664393?rank=3&searchId=f4b5c17983cb928e62f36bc22a3b9a548f17,150 р.Двери купеВитебск
https://www.kufar.by/item/200815496?rank=4&searchId=f4b5c17983cb928e62f36bc22a3b9a548f17,"95 р.Кроватка с матрасикомМинская, Жодино"
https://www.kufar.by/item/202665553?rank=5&searchId=f4b5c17983cb928e62f36bc22a3b9a548f17,"139 р.МатрасМинск, Фрунзенский"
https://www.kufar.by/item/202665516?rank=6&searchId=f4b5c17983cb928e62f36bc22a3b9a548f17,"50 р.Мягкий уголок Гомельская, Светлогорск"
https://www.kufar.by/item/202665495?rank=7&searchId=f4b5c17983cb928e62f36bc22a3b9a548f17,65 р.Стол и стул для ребенкаМогилев
https://www.kufar.by/item/198415113?rank=8&searchId=f4b5c17983cb928e62f36bc22a3b9a548f17,"ДоговорнаяНовые кухниМинск, Фрунзенский"
https://www.kufar.by/item/198415288?rank=9&searchId=f4b5c17983cb928e62f36bc22a3b9a548f17,"ДоговорнаяКухни новые Минск, Фрунзенский"
https://www.kufar.by/item/198419576?rank=10&searchId=f4b5c17983cb928e62f36bc22a3b9a548f17,"ДоговорнаяКухня мебельМинск, Фрунзенский"
https://www.kufar.by/item/198504375?rank=11&searchId=f4b5c17983cb928e62f36bc22a3b9a548f17,"ДоговорнаяКухниМинск, Фрунзенский"
https://www.kufar.by/item/202665381?rank=12&searchId=f4b5c17983cb928e62f36bc22a3b9a548f17,"850 р.Кухня Минская, Минский район"
https://www.kufar.by/item/135652535?rank=13&searchId=f4b5c17983cb928e62f36bc22a3b9a548f17,"25 р.14, Стол круглый табурет кухонный стул ДОСТАВКА РББрестДоставка по Беларуси"
https://www.kufar.by/item/201030077?rank=14&searchId=f4b5c17983cb928e62f36bc22a3b9a548f17,ДоговорнаяШКАФ КУПЕ.ГАРДЕРОБНАЯ.МЕБЕЛЬ  РАССРОЧКА 0%МогилевДоставка по БеларусиРассрочка
https://www.kufar.by/item/202665145?rank=15&searchId=f4b5c17983cb928e62f36bc22a3b9a548f17,"40 р.Комод. Тумба. Винтаж. Минск, Московский"
https://www.kufar.by/item/199338529?rank=16&searchId=f4b5c17983cb928e62f36bc22a3b9a548f17,1 020 р.Стеллаж для хранения шинБрест
https://www.kufar.by/item/202665136?rank=17&searchId=f4b5c17983cb928e62f36bc22a3b9a548f17,"25 р.Полка книжная декоративнаяБрестская, Кобрин"
https://www.kufar.by/item/186963270?rank=18&searchId=f4b5c17983cb928e62f36bc22a3b9a548f17,"400 р.ДиванМинск, Фрунзенский"
https://www.kufar.by/item/202661905?rank=19&searchId=f4b5c17983cb928e62f36bc22a3b9a548f17,90 р.Новый кухонный стол 100х60смМогилев
https://www.kufar.by/item/202303809?rank=20&searchId=f4b5c17983cb928e62f36bc22a3b9a548f17,200 р.Шкаф-купе (бронь до 28.07)Брест
https://www.kufar.by/item/202665099?rank=21&searchId=f4b5c17983cb928e62f36bc22a3b9a548f17,35 р.Тумбочка Гродно
https://www.kufar.by/item/202661632?rank=22&searchId=f4b5c17983cb928e62f36bc22a3b9a548f17,"390 р.Новый кухонный уголок 31, доставка Могилев"
https://www.kufar.by/item/202665033?rank=23&searchId=f4b5c17983cb928e62f36bc22a3b9a548f17,ДоговорнаяКровать домикМогилев
https://www.kufar.by/item/22442587?rank=24&searchId=f4b5c17983cb928e62f36bc22a3b9a548f17,"25 р.4м, Кухонный стол и стулья табуретки ДОСТАВКА РБМинск, МосковскийДоставка по Беларуси"
https://www.kufar.by/item/188070655?rank=25&searchId=f4b5c17983cb928e62f36bc22a3b9a548f17,"65 р.Стол письменный Витебская, Другие города"
https://www.kufar.by/item/199222188?rank=26&searchId=f4b5c17983cb928e62f36bc22a3b9a548f17,70 р.Письменный стол. Торг. Витебск
https://www.kufar.by/item/199076692?rank=27&searchId=f4b5c17983cb928e62f36bc22a3b9a548f17,"800 р.Шкаф распашной Минская, Жодино"
https://www.kufar.by/item/202661484?rank=28&searchId=f4b5c17983cb928e62f36bc22a3b9a548f17,90 р.Новые стулья Могилев
https://www.kufar.by/item/186515086?rank=29&searchId=f4b5c17983cb928e62f36bc22a3b9a548f17,1 999 р.Диван-кровать ''Арго'' угловойГомель
https://www.kufar.by/item/202661315?rank=30&searchId=f4b5c17983cb928e62f36bc22a3b9a548f17,"350 р.Новый стол лофт6, выбор Могилев"
https://www.kufar.by/item/202664836?rank=31&searchId=f4b5c17983cb928e62f36bc22a3b9a548f17,"16 р.Антивибрационные ножки для стиральной машины Минск, Фрунзенский"
https://www.kufar.by/item/201414984?rank=32&searchId=f4b5c17983cb928e62f36bc22a3b9a548f17,"2 000 р.Детская мебель Минская, Марьина Горка"
https://www.kufar.by/item/202664818?rank=33&searchId=f4b5c17983cb928e62f36bc22a3b9a548f17,"100 р.Детская кроваткаМинск, Московский"
https://www.kufar.by/item/202664788?rank=34&searchId=f4b5c17983cb928e62f36bc22a3b9a548f17,"300 р.Стол с подъёмным  механизмомМинск, Заводской"
https://www.kufar.by/item/200092325?rank=35&searchId=f4b5c17983cb928e62f36bc22a3b9a548f17,650 р.Кровать машина  cilek Витебск
https://www.kufar.by/item/202664754?rank=36&searchId=f4b5c17983cb928e62f36bc22a3b9a548f17,"200 р.Детская кроватка Минск, Заводской"
https://www.kufar.by/item/202664749?rank=37&searchId=f4b5c17983cb928e62f36bc22a3b9a548f17,"250 р. Детская двухъярусная кровать Гомельская, Чечерск"
https://www.kufar.by/item/198718372?rank=38&searchId=f4b5c17983cb928e62f36bc22a3b9a548f17,"320 р.Растущая парта ШколярикМинск, Фрунзенский"
https://www.kufar.by/item/202303299?rank=39&searchId=f4b5c17983cb928e62f36bc22a3b9a548f17,"599 р.Кровать SonitМинск, Партизанский"
https://www.kufar.by/item/202664637?rank=40&searchId=f4b5c17983cb928e62f36bc22a3b9a548f17,"730 р.ЕВРО КНИГА ДВУСПАЛЬНАЯ С ПОЛКАМИ ДОСТАВКА ГАРАНТМинск, ПервомайскийДоставкаРассрочка"
https://www.kufar.by/item/202663652?rank=41&searchId=f4b5c17983cb928e62f36bc22a3b9a548f17,ДоговорнаяВинтажный стеклянный столикВитебск
https://www.kufar.by/item/201244065?rank=42&searchId=f4b5c17983cb928e62f36bc22a3b9a548f17,750 р.ДиванВитебск
https://www.kufar.by/item/135652535,"25 р.14, Стол круглый табурет кухонный стул ДОСТАВКА РББрестДоставка по Беларуси"
https://www.kufar.by/item/201030077,ДоговорнаяШКАФ КУПЕ.ГАРДЕРОБНАЯ.МЕБЕЛЬ  РАССРОЧКА 0%МогилевДоставка по БеларусиРассрочка
https://www.kufar.by/item/22442587,"25 р.4м, Кухонный стол и стулья табуретки ДОСТАВКА РБМинск, МосковскийДоставка по Беларуси"
https://www.kufar.by/item/199141186,"584 р.Гостиная DIEGO-1, рассрочка 6 месяцев, доставкаБрестДоставка по Беларуси"
https://www.kufar.by/item/138237194,"185 р.Кровати надувные Intex (интекс) c электронасосомМинск, ФрунзенскийДоставка по Беларуси"
https://www.kufar.by/item/123103880,ДоговорнаяСтулья обеденные/барные лофтБрестДоставка по Беларуси
https://www.kufar.by/item/194853602,"85.50 р.Стул Джокер экокожа. Разные модели. Доставка по РБМинск, ФрунзенскийДоставка по БеларусиРассрочка"
https://www.kufar.by/item/199237096,"188 р.Sherlock 3 Тумба ТВ Ясень Анкор светлый. ДоставкаМинск, ЦентральныйДоставка по БеларусиРассрочка"
